{
    "rlimit": {
        "data": -1,
        "stack": -1
    },
    "cycles_program_begin": 15547367197982,
    "cpu_cycles_pass2_start": 15570787631181,
    "CurCompileModules": [
        "...MASTER...",
        "...MASTER...",
        "vcs_paramclassrepository",
        "vcs_paramclassrepository",
        "_vcs_DPI_package",
        "_vcs_DPI_package",
        "_vcs_unit__3324565635",
        "_vcs_unit__3324565635",
        "std",
        "std",
        "uvm_pkg",
        "uvm_pkg",
        "simple_adder",
        "simple_adder",
        "simple_adder_if",
        "simple_adder_if",
        "simple_adder_pkg",
        "simple_adder_pkg",
        "top",
        "top"
    ],
    "perf": [
        {
            "stat": [
                "main",
                "entry",
                0.071689844131469727,
                0.095498,
                0.23397200000000001,
                216472,
                216472,
                0.0,
                0.0,
                1745896709.6344399,
                15547368097974
            ],
            "sub": [
                {
                    "stat": [
                        "doParsingAndDesignResolution",
                        "entry",
                        0.18989896774291992,
                        0.110277,
                        0.24260899999999999,
                        272388,
                        273188,
                        0.0,
                        0.0,
                        1745896709.7526491,
                        15547816747900
                    ],
                    "sub": []
                },
                {
                    "stat": [
                        "doParsingAndDesignResolution",
                        "exit",
                        2.1631088256835938,
                        1.7797049999999999,
                        0.35095799999999999,
                        310156,
                        310804,
                        0.0,
                        0.0,
                        1745896711.7258589,
                        15555300419011
                    ],
                    "sub": []
                },
                {
                    "stat": [
                        "doPostDesignResolutionToVir2Vcs",
                        "entry",
                        2.1954119205474854,
                        1.8102260000000001,
                        0.35273900000000002,
                        310156,
                        310804,
                        0.0,
                        0.0,
                        1745896711.758162,
                        15555422874715
                    ],
                    "sub": [
                        {
                            "stat": [
                                "doUptoVir2VcsNoSepCleanup",
                                "entry",
                                3.0081210136413574,
                                2.6192950000000002,
                                0.35637999999999997,
                                311188,
                                311192,
                                0.0,
                                0.0,
                                1745896712.5708711,
                                15558505492398
                            ],
                            "sub": []
                        },
                        {
                            "stat": [
                                "doUptoVir2VcsNoSepCleanup",
                                "exit",
                                5.7377619743347168,
                                5.262378,
                                0.43698100000000001,
                                319340,
                                334768,
                                0.0,
                                0.0,
                                1745896715.3005121,
                                15568858900048
                            ],
                            "sub": []
                        },
                        {
                            "stat": [
                                "doRadify_vir2vcsAll",
                                "entry",
                                5.7378768920898438,
                                5.2624870000000001,
                                0.43698999999999999,
                                319340,
                                334768,
                                0.0,
                                0.0,
                                1745896715.300627,
                                15568859179804
                            ],
                            "sub": []
                        },
                        {
                            "stat": [
                                "doRadify_vir2vcsAll",
                                "exit",
                                6.0626428127288818,
                                5.518497,
                                0.50571600000000005,
                                339432,
                                339432,
                                0.0,
                                0.0,
                                1745896715.6253929,
                                15570091390526
                            ],
                            "sub": []
                        }
                    ]
                },
                {
                    "stat": [
                        "doPostDesignResolutionToVir2Vcs",
                        "exit",
                        6.0627858638763428,
                        5.5186299999999999,
                        0.50572799999999996,
                        339432,
                        339432,
                        0.0,
                        0.0,
                        1745896715.625536,
                        15570091550126
                    ],
                    "sub": []
                },
                {
                    "stat": [
                        "doGAToPass2",
                        "entry",
                        6.0628249645233154,
                        5.5186650000000004,
                        0.50573100000000004,
                        339432,
                        339432,
                        0.0,
                        0.0,
                        1745896715.6255751,
                        15570091727814
                    ],
                    "sub": [
                        {
                            "stat": [
                                "DoPass2",
                                "entry",
                                6.2462239265441895,
                                5.5362150000000003,
                                0.50985999999999998,
                                332424,
                                339432,
                                0.044623000000000003,
                                0.092383999999999994,
                                1745896715.808974,
                                15570787583909
                            ],
                            "sub": []
                        },
                        {
                            "stat": [
                                "DoPass2",
                                "exit",
                                11.358757972717285,
                                10.334231000000001,
                                0.81642300000000001,
                                343024,
                                343052,
                                0.044623000000000003,
                                0.092383999999999994,
                                1745896720.9215081,
                                15590178995347
                            ],